Workbook

Sheet CTF
L1: 2026 | W1: INFO QUE VIENE DEL CTF DEL AÑO ANTERIOR
G2: Vida útil en años | W2: LY
A3: Activo Fijo | B3: Detalle | C3: Fecha de Adquisión | D3: Mes de Alta | E3: Año | F3: Valor de Origen | G3: Total | H3: Transcurrida | I3: Restante | J3: FIN VU | L3: Amortización acumulada al inicio hist. | M3: Amortización del ejercicio historico | N3: Valor residual al cierre historico | O3: IPC ALTA | P3: IPC CIERRE | Q3: COEFICIENTE | R3: Valor de origen AxI | S3: Amortización acumulada al inicio AxI | T3: Amortización del ejercicio AxI | U3: Valor residual al cierre AxI | W3: Amort Histórica 2025 | X3: VR Histórico 2025 | Y3: Amort Histórica 2026 vs 2025 | Z3: Comentarios ( AGOTO V.UTIL) | AA3: Comentarios ( ALTAS 2026)
A4: 234567 | B4: Licencias Microsoft | C4: 38127 | D4: 05-2004 | E4: 2004 | F4: 15200 | G4: 22 | H4: =$L$1-YEAR(C4) -> 22 | I4: =+IF(H4>G4,0,G4-H4) -> 0 | J4: =(YEAR(C4)+G4)-1 -> 2025 | L4: =+IF(H4>G4,F4,0)+IF(H4<=G4,F4/G4*H4) -> 15200 | M4: =+IF(I4<=0,0,F4/G4) -> 0 | N4: =+F4-L4-M4 -> 0 | O4: =+IF(E4>=2018,VLOOKUP(D4,IPC!A:C,3,0),0) -> 0 | P4: =IF(E4>=2018,IPC!$C$103,0) -> 0 | Q4: =IFERROR(P4/O4,0) -> 0 | R4: =+IF(E4>=2018,F4*Q4,F4) -> 15200 | S4: =+IF(E4>=2018,L4*Q4,L4) -> 15200 | T4: =+IF(E4>=2018,M4*Q4,M4) -> 0 | U4: =+IF(E4>=2018,N4*Q4,N4) -> 0 | W4: 0 | Y4: =+M4-W4 -> 0 | Z4: =+IF(J4=$L$1-1,"agotó v.util LY",0) -> agotó v.util LY | AA4: =+IF(E4=$L$1,"ALTAS 2026",0) -> 0
A5: 901887 | B5: Implementación Integration Suite | C5: 38532 | D5: 06-2005 | E5: 2005 | F5: 23208 | G5: 6 | H5: =$L$1-YEAR(C5) -> 21 | I5: =+IF(H5>G5,0,G5-H5) -> 0 | J5: =(YEAR(C5)+G5)-1 -> 2010 | L5: =+IF(H5>G5,F5,0)+IF(H5<=G5,F5/G5*H5) -> 23208 | M5: =+IF(I5<=0,0,F5/G5) -> 0 | N5: =+F5-L5-M5 -> 0 | O5: =+IF(E5>=2018,VLOOKUP(D5,IPC!A:C,3,0),0) -> 0 | P5: =IF(E5>=2018,IPC!$C$103,0) -> 0 | Q5: =IFERROR(P5/O5,0) -> 0 | R5: =+IF(E5>=2018,F5*Q5,F5) -> 23208 | S5: =+IF(E5>=2018,L5*Q5,L5) -> 23208 | T5: =+IF(E5>=2018,M5*Q5,M5) -> 0 | U5: =+IF(E5>=2018,N5*Q5,N5) -> 0 | W5: 0 | Y5: =+M5-W5 -> 0 | Z5: =+IF(J5=$L$1-1,"agotó v.util LY",0) -> 0 | AA5: =+IF(E5=$L$1,"ALTAS 2026",0) -> 0
A6: 130145 | B6: Cromatógrafo gaseoso | C6: 40088 | D6: 10-2009 | E6: 2009 | F6: 24295.04 | G6: 3 | H6: =$L$1-YEAR(C6) -> 17 | I6: =+IF(H6>G6,0,G6-H6) -> 0 | J6: =(YEAR(C6)+G6)-1 -> 2011 | L6: =+IF(H6>G6,F6,0)+IF(H6<=G6,F6/G6*H6) -> 24295.04 | M6: =+IF(I6<=0,0,F6/G6) -> 0 | N6: =+F6-L6-M6 -> 0 | O6: =+IF(E6>=2018,VLOOKUP(D6,IPC!A:C,3,0),0) -> 0 | P6: =IF(E6>=2018,IPC!$C$103,0) -> 0 | Q6: =IFERROR(P6/O6,0) -> 0 | R6: =+IF(E6>=2018,F6*Q6,F6) -> 24295.04 | S6: =+IF(E6>=2018,L6*Q6,L6) -> 24295.04 | T6: =+IF(E6>=2018,M6*Q6,M6) -> 0 | U6: =+IF(E6>=2018,N6*Q6,N6) -> 0 | W6: 0 | Y6: =+M6-W6 -> 0 | Z6: =+IF(J6=$L$1-1,"agotó v.util LY",0) -> 0 | AA6: =+IF(E6=$L$1,"ALTAS 2026",0) -> 0
A7: 130145 | B7: Cromatógrafo gaseoso | C7: 43414 | D7: 11-2018 | E7: 2018 | F7: 28650 | G7: 3 | H7: =$L$1-YEAR(C7) -> 8 | I7: =+IF(H7>G7,0,G7-H7) -> 0 | J7: =(YEAR(C7)+G7)-1 -> 2020 | L7: =+IF(H7>G7,F7,0)+IF(H7<=G7,F7/G7*H7) -> 28650 | M7: =+IF(I7<=0,0,F7/G7) -> 0 | N7: =+F7-L7-M7 -> 0 | O7: =+IF(E7>=2018,VLOOKUP(D7,IPC!A:C,3,0),0) -> 179.6388 | P7: =IF(E7>=2018,IPC!$C$103,0) -> 11363.09 | Q7: =IFERROR(P7/O7,0) -> 63.255212 | R7: =+IF(E7>=2018,F7*Q7,F7) -> 1812261.8 | S7: =+IF(E7>=2018,L7*Q7,L7) -> 1812261.8 | T7: =+IF(E7>=2018,M7*Q7,M7) -> 0 | U7: =+IF(E7>=2018,N7*Q7,N7) -> 0 | W7: 0 | Y7: =+M7-W7 -> 0 | Z7: =+IF(J7=$L$1-1,"agotó v.util LY",0) -> 0 | AA7: =+IF(E7=$L$1,"ALTAS 2026",0) -> 0
A8: 130146 | B8: Espectrofotómetro IR FTIR | C8: 44905 | D8: 12-2022 | E8: 2022 | F8: 39801.19 | G8: 3 | H8: =$L$1-YEAR(C8) -> 4 | I8: =+IF(H8>G8,0,G8-H8) -> 0 | J8: =(YEAR(C8)+G8)-1 -> 2024 | L8: =+IF(H8>G8,F8,0)+IF(H8<=G8,F8/G8*H8) -> 39801.19 | M8: =+IF(I8<=0,0,F8/G8) -> 0 | N8: =+F8-L8-M8 -> 0 | O8: =+IF(E8>=2018,VLOOKUP(D8,IPC!A:C,3,0),0) -> 1134.5875 | P8: =IF(E8>=2018,IPC!$C$103,0) -> 11363.09 | Q8: =IFERROR(P8/O8,0) -> 10.015173 | R8: =+IF(E8>=2018,F8*Q8,F8) -> 398615.81 | S8: =+IF(E8>=2018,L8*Q8,L8) -> 398615.81 | T8: =+IF(E8>=2018,M8*Q8,M8) -> 0 | U8: =+IF(E8>=2018,N8*Q8,N8) -> 0 | W8: 0 | Y8: =+M8-W8 -> 0 | Z8: =+IF(J8=$L$1-1,"agotó v.util LY",0) -> 0 | AA8: =+IF(E8=$L$1,"ALTAS 2026",0) -> 0
A9: 130147 | B9: Medidor de dureza mecánica | C9: 45184 | D9: 9-2023 | E9: 2023 | F9: 36102.5 | G9: 5 | H9: =$L$1-YEAR(C9) -> 3 | I9: =+IF(H9>G9,0,G9-H9) -> 2 | J9: =(YEAR(C9)+G9)-1 -> 2027 | L9: =+IF(H9>G9,F9,0)+IF(H9<=G9,F9/G9*H9) -> 21661.5 | M9: =+IF(I9<=0,0,F9/G9) -> 7220.5 | N9: =+F9-L9-M9 -> 7220.5 | O9: =+IF(E9>=2018,VLOOKUP(D9,IPC!A:C,3,0),0) -> 2304.9242 | P9: =IF(E9>=2018,IPC!$C$103,0) -> 11363.09 | Q9: =IFERROR(P9/O9,0) -> 4.9299193 | R9: =+IF(E9>=2018,F9*Q9,F9) -> 177982.41 | S9: =+IF(E9>=2018,L9*Q9,L9) -> 106789.45 | T9: =+IF(E9>=2018,M9*Q9,M9) -> 35596.483 | U9: =+IF(E9>=2018,N9*Q9,N9) -> 35596.483 | W9: 7220.5 | Y9: =+M9-W9 -> 0 | Z9: =+IF(J9=$L$1-1,"agotó v.util LY",0) -> 0 | AA9: =+IF(E9=$L$1,"ALTAS 2026",0) -> 0
A10: 130148 | B10: Compra 7 equipos estructurales completos de protec | C10: 45460 | D10: 6-2024 | E10: 2024 | F10: 22382.44 | G10: 5 | H10: =$L$1-YEAR(C10) -> 2 | I10: =+IF(H10>G10,0,G10-H10) -> 3 | J10: =(YEAR(C10)+G10)-1 -> 2028 | L10: =+IF(H10>G10,F10,0)+IF(H10<=G10,F10/G10*H10) -> 8952.976 | M10: =+IF(I10<=0,0,F10/G10) -> 4476.488 | N10: =+F10-L10-M10 -> 8952.976 | O10: =+IF(E10>=2018,VLOOKUP(D10,IPC!A:C,3,0),0) -> 6351.7145 | P10: =IF(E10>=2018,IPC!$C$103,0) -> 11363.09 | Q10: =IFERROR(P10/O10,0) -> 1.78898 | R10: =+IF(E10>=2018,F10*Q10,F10) -> 40041.738 | S10: =+IF(E10>=2018,L10*Q10,L10) -> 16016.695 | T10: =+IF(E10>=2018,M10*Q10,M10) -> 8008.3476 | U10: =+IF(E10>=2018,N10*Q10,N10) -> 16016.695 | W10: 4476.488 | Y10: =+M10-W10 -> 0 | Z10: =+IF(J10=$L$1-1,"agotó v.util LY",0) -> 0 | AA10: =+IF(E10=$L$1,"ALTAS 2026",0) -> 0
A11: 170002 | B11: Comisionado De Planta y Gastos Por PP25 | C11: 45881 | D11: 8-2025 | E11: 2025 | F11: 25000 | G11: 1 | H11: =$L$1-YEAR(C11) -> 1 | I11: =+IF(H11>G11,0,G11-H11) -> 0 | J11: =(YEAR(C11)+G11)-1 -> 2025 | L11: =+IF(H11>G11,F11,0)+IF(H11<=G11,F11/G11*H11) -> 25000 | M11: =+IF(I11<=0,0,F11/G11) -> 0 | N11: =+F11-L11-M11 -> 0 | O11: =+IF(E11>=2018,VLOOKUP(D11,IPC!A:C,3,0),0) -> 9193.2441 | P11: =IF(E11>=2018,IPC!$C$103,0) -> 11363.09 | Q11: =IFERROR(P11/O11,0) -> 1.2360262 | R11: =+IF(E11>=2018,F11*Q11,F11) -> 30900.655 | S11: =+IF(E11>=2018,L11*Q11,L11) -> 30900.655 | T11: =+IF(E11>=2018,M11*Q11,M11) -> 0 | U11: =+IF(E11>=2018,N11*Q11,N11) -> 0 | W11: 25000 | Y11: =+M11-W11 -> -25000 | Z11: =+IF(J11=$L$1-1,"agotó v.util LY",0) -> agotó v.util LY | AA11: =+IF(E11=$L$1,"ALTAS 2026",0) -> 0
A12: 109835 | B12: Equipo Goodman enfriador | C12: 46095 | D12: 3-2026 | E12: 2026 | F12: 95432 | G12: 5 | H12: =$L$1-YEAR(C12) -> 0 | I12: =+IF(H12>G12,0,G12-H12) -> 5 | J12: =(YEAR(C12)+G12)-1 -> 2030 | L12: =+IF(H12>G12,F12,0)+IF(H12<=G12,F12/G12*H12) -> 0 | M12: =+IF(I12<=0,0,F12/G12) -> 19086.4 | N12: =+F12-L12-M12 -> 76345.6 | O12: =+IF(E12>=2018,VLOOKUP(D12,IPC!A:C,3,0),0) -> 11077.061 | P12: =IF(E12>=2018,IPC!$C$103,0) -> 11363.09 | Q12: =IFERROR(P12/O12,0) -> 1.0258218 | R12: =+IF(E12>=2018,F12*Q12,F12) -> 97896.226 | S12: =+IF(E12>=2018,L12*Q12,L12) -> 0 | T12: =+IF(E12>=2018,M12*Q12,M12) -> 19579.245 | U12: =+IF(E12>=2018,N12*Q12,N12) -> 78316.98 | W12: 0 | Y12: =+M12-W12 -> 19086.4 | Z12: =+IF(J12=$L$1-1,"agotó v.util LY",0) -> 0 | AA12: =+IF(E12=$L$1,"ALTAS 2026",0) -> ALTAS 2026
A13: 109892 | B13: Equipo de frio sector tomograf | C13: 46041 | D13: 1-2026 | E13: 2026 | F13: 120000 | G13: 2 | H13: =$L$1-YEAR(C13) -> 0 | I13: =+IF(H13>G13,0,G13-H13) -> 2 | J13: =(YEAR(C13)+G13)-1 -> 2027 | L13: =+IF(H13>G13,F13,0)+IF(H13<=G13,F13/G13*H13) -> 0 | M13: =+IF(I13<=0,0,F13/G13) -> 60000 | N13: =+F13-L13-M13 -> 60000 | O13: =+IF(E13>=2018,VLOOKUP(D13,IPC!A:C,3,0),0) -> 10413.031 | P13: =IF(E13>=2018,IPC!$C$103,0) -> 11363.09 | Q13: =IFERROR(P13/O13,0) -> 1.0912376 | R13: =+IF(E13>=2018,F13*Q13,F13) -> 130948.51 | S13: =+IF(E13>=2018,L13*Q13,L13) -> 0 | T13: =+IF(E13>=2018,M13*Q13,M13) -> 65474.253 | U13: =+IF(E13>=2018,N13*Q13,N13) -> 65474.253 | W13: 0 | Y13: =+M13-W13 -> 60000 | Z13: =+IF(J13=$L$1-1,"agotó v.util LY",0) -> 0 | AA13: =+IF(E13=$L$1,"ALTAS 2026",0) -> ALTAS 2026
L14: =+SUM(L4:L13) -> 186768.71 | M14: =+SUM(M4:M13) -> 90783.388 | N14: =+SUM(N4:N13) -> 152519.08 | O14: mes de alta | P14: siempre es diciembre del año que estoy haciedno | S14: =+SUM(S4:S13) -> 2427287.5 | T14: =+SUM(T4:T13) -> 128658.33 | U14: =+SUM(U4:U13) -> 195404.41 | W14: =+SUM(W4:W13) -> 36696.988 | X14: =+SUM(X4:X13) -> 0 | Y14: =+SUM(Y4:Y13) -> 54086.4

Sheet Sheet1
A1: 2025
A2: CÍA | B2: CÍA | C2: CÍA | D2: CÍA | E2: CÍA | F2: CÍA | G2: FORM | H2: FORM | I2: FORM | J2: FORM | K2: FORM
D5: I | E5: II | F5: III | G5: IV = SUM (I, II, III)
A6: Activo Fijo | B6: Fecha de Adquisión | C6: VU | D6: Valor de Origen | E6: ALTA | F6: BAJA | G6: VO al cierre | H6: AA al inicio | I6: AE | J6: AB | K6: AA al cierre | L6: valor residual
A7: 234567 | B7: 38127 | C7: 10 | D7: 15200 | F7: =-D7 -> -15200 | G7: =+SUM(D7:F7) -> 0 | J7: SI ES BAJA, CALCULAR LA AMORT. DEL AÑO PASADO. | K7: =+SUM(H7:J7) -> 0 | L7: =+G7-K7 -> 0
A8: 901887 | B8: 38532 | C8: 6 | D8: 23208 | G8: =+SUM(D8:F8) -> 23208 | K8: =+SUM(H8:J8) -> 0
A9: 130145 | B9: 40088 | C9: 3 | D9: 24295.04 | G9: =+SUM(D9:F9) -> 24295.04 | K9: =+SUM(H9:J9) -> 0
A10: 130145 | B10: 43414 | C10: 3 | D10: 28650 | G10: =+SUM(D10:F10) -> 28650 | K10: =+SUM(H10:J10) -> 0
A11: 130146 | B11: 44905 | C11: 3 | D11: 39801.19 | G11: =+SUM(D11:F11) -> 39801.19 | K11: =+SUM(H11:J11) -> 0
A12: 130147 | B12: 45184 | C12: 5 | D12: 36102.5 | G12: =+SUM(D12:F12) -> 36102.5 | K12: =+SUM(H12:J12) -> 0
A13: 130148 | B13: 45460 | C13: 5 | D13: 22382.44 | G13: =+SUM(D13:F13) -> 22382.44 | K13: =+SUM(H13:J13) -> 0
A14: 170002 | B14: 45881 | C14: 1 | D14: 25000 | G14: =+SUM(D14:F14) -> 25000 | K14: =+SUM(H14:J14) -> 0
A15: 109835 | B15: 46095 | C15: 5 | D15: 95432 | G15: =+SUM(D15:F15) -> 95432 | K15: =+SUM(H15:J15) -> 0
A16: 109892 | B16: 46041 | C16: 2 | D16: 120000 | E16: 20000 | G16: =+SUM(D16:F16) -> 140000 | K16: =+SUM(H16:J16) -> 0
D17: =SUM(D7:D16) -> 430071.17 | E17: =SUM(E7:E16) -> 20000 | F17: =SUM(F7:F16) -> -15200 | G17: =SUM(G7:G16) -> 434871.17 | I17: =SUM(I7:I16) -> 0 | L17: =SUM(L7:L16) -> 0
I18: GAN | L18: ID
A24: La idea es armar una planilla donde pegar todos los datos que nos da la cia, y que en otra planilla, me calcule todo eso, que reconozca si hay algun mismo activo fijo y si tiene alguna baja, que cargue la baja y si hay alta que le sume la alta. En caso que no tenga activo fijo, sumarlo a la planilla y asi ir calculando todo.
A26: En la planilla de ipc, estaria buenisimo si puede tomarla de la web y se haga automaticamente
A28: Tambien hay que hacer una planilla de axi, que calcule todo como la de ctf y luego haga la comparacion en otra planilla a ver como evoluciona todo.

Sheet IPC
A1: IPC
B2: Mes de Alta | C2: Indice
B3: dic-17 | C3: 124.7956
A4: 1-2018 | B4: 43101 | C4: 126.9887
A5: 2-2018 | B5: 43132 | C5: 130.0606
A6: 3-2018 | B6: 43160 | C6: 133.1054
A7: 4-2018 | B7: 43191 | C7: 136.7512
A8: 5-2018 | B8: 43221 | C8: 139.5893
A9: 6-2018 | B9: 43252 | C9: 144.8053
A10: 7-2018 | B10: 43282 | C10: 149.2966
A11: 8-2018 | B11: 43313 | C11: 155.1034
A12: 9-2018 | B12: 43344 | C12: 165.2383
A13: 10-2018 | B13: 43374 | C13: 174.1473
A14: 11-2018 | B14: 43405 | C14: 179.6388
A15: 12-2018 | B15: 43435 | C15: 184.2552
... A103: 4-2026 | B103: 46113 | C103: 11363.09
