Workbook

Sheet Anexo II
C2: LEY N°. 987 – LEY DE REFORMAS Y ADICIONES A LA LEY N°. 822, LEY DE CONCERTACIÓN TRIBUTARIA
C3: ANEXO II – LISTA DE BIENES DE CONSUMO GRAVADOS CON ISC, SOBRE LOS QUE NO APLICAN EXENCIONES Y EXONERACIONES
C4: La Gaceta, Diario Oficial N°. 41 del 28 de febrero de 2019
C5: A. BIENES GRAVADOS CON ISC (ALÍCUOTA AD VALOREM)
C6: CÓDIGO | D6: DESCRIPCIÓN | E6: ISC (%)
C7: 2203.00.00.00.10 | D7: - En latas | E7: 36
C8: 2203.00.00.00.90 | D8: - Otros | E8: 33
C9: 2204.10.00.00.00 | D9: - Vino espumoso | E9: 37
C10: 2204.21.00.00.00 | D10: - - En recipientes con capacidad inferior o igual a 2 l | E10: 37
C11: 2204.22.00.00.00 | D11: - - En recipientes con capacidad superior a 2 l pero inferior o igual a 10 l | E11: 37
C12: 2204.29.00.00.00 | D12: - - Los demás | E12: 37
C13: 2204.30.00.00.00 | D13: - Los demás mostos de uva | E13: 15
C14: 2205.10.00.00.00 | D14: - En recipientes con capacidad inferior o igual a 2 l | E14: 37
C15: 2205.90.00.00.00 | D15: - Los demás | E15: 37
C16: 2206.00.00.00.00 | D16: LAS DEMÁS BEBIDAS FERMENTADAS (POR EJEMPLO: SIDRA, PERADA, AGUAMIEL, SAKE); MEZCLAS DE BEBIDAS FERMENTADAS Y MEZCLAS DE BEBIDAS FERMENTADAS Y BEBIDAS NO ALCOHÓLICAS, NO EXPRESADAS NI COMPRENDIDAS EN OTRA PARTE | E16: 22
C17: 2207.10.10.00.00 | D17: - - Alcohol etílico absoluto | E17: 42
C18: 2207.10.90.00.90 | D18: - - - Los demás | E18: 42
... C98: 7117.90.00.00.00 | D98: - Las demás | E98: 30
C100: De conformidad con los artículos 190 y 191 de la presente Ley, la cuota del IECT que grava los siguientes incisos, se actualiza anualmente a partir del 1 de enero de cada año.
C101: B. IMPUESTO ESPECÍFICO AL CONSUMO DE CIGARRILLOS Y OTROS PRODUCTOS DE TABACO (IECT)
C102: CÓDIGO | D102: DESCRIPCIÓN | E102: CUOTA IECT (C$)
C103: 2402.10.00.00.00 | D103: - Cigarros (puros) (incluso despuntados) y cigarritos (puritos), que contengan tabaco | E103: C$1, 335. 0
C104: 2402.20.00.00.00 | D104: - Cigarrillos que contengan tabaco | E104: C$2, 000. 0
C105: 2402.90.00.00.00 | D105: - Los demás | E105: C$1, 335. 0
C106: 2403.19.10.00.00 | D106: - - - Picadura de tabaco, para hacer cigarrillos | E106: C$1, 335. 0
C108: De conformidad con el artículo 151 de la presente Ley, los siguientes incisos, adicional al ISC ad valorem antes indicado, están gravados con una cuota específica de cincuenta córdobas (C$50.00) por cada litro de alcohol; este monto se actualiza anualmente a partir del 1 de enero de cada año.
C109: C. INCISOS GRAVADOS ADICIONALMENTE CON CUOTA ESPECÍFICA DE C$50.00 POR LITRO DE ALCOHOL
C110: CÓDIGO | D110: DESCRIPCIÓN | E110: CUOTA ESPECÍFICA
C111: 2203.00.00.00.10 | D111: - En latas | E111: C$50.00/litro alcohol
C112: 2203.00.00.00.90 | D112: - Otros | E112: C$50.00/litro alcohol
C113: 2204.10.00.00.00 | D113: - Vino espumoso | E113: C$50.00/litro alcohol
C114: 2204.21.00.00.00 | D114: - - En recipientes con capacidad inferior o igual a 2 l | E114: C$50.00/litro alcohol
C115: 2204.22.00.00.00 | D115: - - En recipientes con capacidad superior a 2 l pero inferior o igual a 10 l | E115: C$50.00/litro alcohol
C116: 2204.29.00.00.00 | D116: - - Los demás | E116: C$50.00/litro alcohol
C117: 2204.30.00.00.00 | D117: - Los demás mostos de uva | E117: C$50.00/litro alcohol
C118: 2205.10.00.00.00 | D118: - En recipientes con capacidad inferior o igual a 2 l | E118: C$50.00/litro alcohol
C119: 2205.90.00.00.00 | D119: - Los demás | E119: C$50.00/litro alcohol
C120: 2206.00.00.00.00 | D120: LAS DEMÁS BEBIDAS FERMENTADAS (POR EJEMPLO: SIDRA, PERADA, AGUAMIEL, SAKE); MEZCLAS DE BEBIDAS FERMENTADAS Y MEZCLAS DE BEBIDAS FERMENTADAS Y BEBIDAS NO ALCOHÓLICAS, NO EXPRESADAS NI COMPRENDIDAS EN OTRA PARTE | E120: C$50.00/litro alcohol
C121: 2207.10.10.00.00 | D121: - - Alcohol etílico absoluto | E121: C$50.00/litro alcohol
... C139: 2208.90.90.00.99 | D139: - - - - Los demás | E139: C$50.00/litro alcohol

Sheet Anexo I
C2: LEY N°. 987 – LEY DE REFORMAS Y ADICIONES A LA LEY N°. 822, LEY DE CONCERTACIÓN TRIBUTARIA
C3: ANEXO I – LISTA DE BIENES DE CONSUMO GRAVADOS CON ISC
C4: La Gaceta, Diario Oficial N°. 41 del 28 de febrero de 2019
C5: CÓDIGO | D5: DESCRIPCIÓN | E5: ISC 2019 | F5: ISC 2020 | G5: ISC 2021 | H5: Reformado Alícuota 0%
C6: 0207.24.00.00.00 | D6: - - Sin trocear, frescos o refrigerados | E6: 25 | F6: 25 | G6: 25 | H6: Reformado
C7: 0207.25.00.00.00 | D7: - - Sin trocear, congelados | E7: 25 | F7: 25 | G7: 25 | H7: Reformado
C8: 0207.27.90.00.10 | D8: - - - - Pechuga deshuesada | E8: 20 | F8: 20 | G8: 20 | H8: =+IFERROR(VLOOKUP(C8,'Reforma 1279'!C:E,3,FALSE),"-") -> -
C9: 0207.27.90.00.20 | D9: - - - - Pierna deshuesada | E9: 20 | F9: 20 | G9: 20 | H9: =+IFERROR(VLOOKUP(C9,'Reforma 1279'!C:E,3,FALSE),"-") -> -
C10: 0207.27.90.00.30 | D10: - - - - Carne molida | E10: 20 | F10: 20 | G10: 20 | H10: =+IFERROR(VLOOKUP(C10,'Reforma 1279'!C:E,3,FALSE),"-") -> -
C11: 0207.27.90.00.40 | D11: - - - - Trozos con hueso | E11: 20 | F11: 20 | G11: 20 | H11: =+IFERROR(VLOOKUP(C11,'Reforma 1279'!C:E,3,FALSE),"-") -> -
C12: 0207.27.90.00.90 | D12: - - - - Otros | E12: 20 | F12: 20 | G12: 20 | H12: =+IFERROR(VLOOKUP(C12,'Reforma 1279'!C:E,3,FALSE),"-") -> -
C13: 0207.42.00.00.00 | D13: - - Sin trocear, congelados | E13: 15 | F13: 15 | G13: 15 | H13: =+IFERROR(VLOOKUP(C13,'Reforma 1279'!C:E,3,FALSE),"-") -> -
C14: 0207.45.10.00.00 | D14: - - - En pasta, deshuesados mecánicamente | E14: 15 | F14: 15 | G14: 15 | H14: =+IFERROR(VLOOKUP(C14,'Reforma 1279'!C:E,3,FALSE),"-") -> -
C15: 0207.45.90.00.00 | D15: - - - Otros | E15: 15 | F15: 15 | G15: 15 | H15: =+IFERROR(VLOOKUP(C15,'Reforma 1279'!C:E,3,FALSE),"-") -> -
C16: 0207.52.00.00.00 | D16: - - Sin trocear, congelados | E16: 15 | F16: 15 | G16: 15 | H16: =+IFERROR(VLOOKUP(C16,'Reforma 1279'!C:E,3,FALSE),"-") -> -
C17: 0207.55.10.00.00 | D17: - - - En pasta, deshuesados mecánicamente | E17: 15 | F17: 15 | G17: 15 | H17: =+IFERROR(VLOOKUP(C17,'Reforma 1279'!C:E,3,FALSE),"-") -> -
C18: 0207.55.90.00.00 | D18: - - - Otros | E18: 15 | F18: 15 | G18: 15 | H18: =+IFERROR(VLOOKUP(C18,'Reforma 1279'!C:E,3,FALSE),"-") -> -
C19: 0207.60.20.00.00 | D19: - - Sin trocear, congelados | E19: 15 | F19: 15 | G19: 15 | H19: =+IFERROR(VLOOKUP(C19,'Reforma 1279'!C:E,3,FALSE),"-") -> -
... C93: 0713.10.90.00.00 | D93: - - Otras | E93: 15 | F93: 15 | G93: 15 | H93: =+IFERROR(VLOOKUP(C93,'Reforma 1279'!C:E,3,FALSE),"-") -> -
C94: 0802.11.00.00.00 | D94: - - Con cáscara | E94: 15 | F94: 15 | G94: 15 | H94: Reformado
C95: 0802.21.00.00.00 | D95: - - Con cáscara | E95: 10 | F95: 10 | G95: 10 | H95: Reformado
C96: 0802.22.00.00.00 | D96: - - Sin cáscara | E96: 10 | F96: 10 | G96: 10 | H96: Reformado
C97: 0802.31.00.00.00 | D97: - - Con cáscara | E97: 10 | F97: 10 | G97: 10 | H97: Reformado
C98: 0802.41.00.00.00 | D98: - - Con cáscara | E98: 15 | F98: 15 | G98: 15 | H98: Reformado
C99: 0802.42.00.00.00 | D99: - - Sin cáscara | E99: 15 | F99: 15 | G99: 15 | H99: Reformado
C100: 0802.51.00.00.00 | D100: - - Con cáscara | E100: 15 | F100: 15 | G100: 15 | H100: Reformado
C101: 0802.52.00.00.00 | D101: - - Sin cáscara | E101: 15 | F101: 15 | G101: 15 | H101: Reformado
C102: 0802.61.00.00.00 | D102: - - Con cáscara | E102: 10 | F102: 10 | G102: 10 | H102: Reformado
C103: 0802.62.00.00.00 | D103: - - Sin cáscara | E103: 10 | F103: 10 | G103: 10 | H103: Reformado
C104: 0802.70.00.00.00 | D104: - Nueces de cola (Cola spp.) | E104: 15 | F104: 15 | G104: 15 | H104: Reformado
C105: 0802.80.00.00.00 | D105: - Nueces de areca | E105: 15 | F105: 15 | G105: 15 | H105: Reformado
... C113: 0813.10.00.00.00 | D113: - Albaricoques (damascos, chabacanos) | E113: 15 | F113: 15 | G113: 15 | H113: Reformado
C114: 0813.30.10.00.00 | D114: - - En trozos | E114: 15 | F114: 15 | G114: 15 | H114: =+IFERROR(VLOOKUP(C114,'Reforma 1279'!C:E,3,FALSE),"-") -> -
C115: 0813.30.90.00.00 | D115: - - Otras | E115: 15 | F115: 15 | G115: 15 | H115: Reformado
C116: 1211.20.20.00.00 | D116: - - Refrigeradas o congeladas | E116: 25 | F116: 25 | G116: 25 | H116: =+IFERROR(VLOOKUP(C116,'Reforma 1279'!C:E,3,FALSE),"-") -> -
C117: 1211.90.92.10.00 | D117: - - - - Partes comestibles de plantas | E117: 25 | F117: 25 | G117: 25 | H117: =+IFERROR(VLOOKUP(C117,'Reforma 1279'!C:E,3,FALSE),"-") -> -
C118: 1601.00.20.00.00 | D118: - De aves de la partida 01.05 | E118: 10 | F118: 10 | G118: 10 | H118: =+IFERROR(VLOOKUP(C118,'Reforma 1279'!C:E,3,FALSE),"-") -> -
C119: 1601.00.30.00.00 | D119: - De porcino | E119: 10 | F119: 10 | G119: 10 | H119: =+IFERROR(VLOOKUP(C119,'Reforma 1279'!C:E,3,FALSE),"-") -> -
C120: 1601.00.90.00.00 | D120: - Mezclas | E120: 10 | F120: 10 | G120: 10 | H120: =+IFERROR(VLOOKUP(C120,'Reforma 1279'!C:E,3,FALSE),"-") -> -
C121: 1603.00.00.00.00 | D121: EXTRACTOS Y JUGOS DE CARNE, PESCADO O DE CRUSTÁCEOS, MOLUSCOS O DEMÁS INVERTEBRADOS ACUÁTICOS | E121: 10 | F121: 10 | G121: 10 | H121: =+IFERROR(VLOOKUP(C121,'Reforma 1279'!C:E,3,FALSE),"-") -> -
C122: 1604.15.00.00.00 | D122: - - Caballas (macarelas) | E122: 15 | F122: 15 | G122: 15 | H122: =+IFERROR(VLOOKUP(C122,'Reforma 1279'!C:E,3,FALSE),"-") -> -
C123: 1604.17.00.00.00 | D123: - - Anguilas | E123: 15 | F123: 15 | G123: 15 | H123: =+IFERROR(VLOOKUP(C123,'Reforma 1279'!C:E,3,FALSE),"-") -> -
C124: 1604.31.00.00.00 | D124: - - Caviar | E124: 30 | F124: 30 | G124: 30 | H124: =+IFERROR(VLOOKUP(C124,'Reforma 1279'!C:E,3,FALSE),"-") -> -
C125: 1604.32.00.00.00 | D125: - - Sucedáneos del caviar | E125: 30 | F125: 30 | G125: 30 | H125: =+IFERROR(VLOOKUP(C125,'Reforma 1279'!C:E,3,FALSE),"-") -> -
C126: 1605.21.00.00.00 | D126: - - Presentados en envases no herméticos | E126: 15 | F126: 15 | G126: 15 | H126: =+IFERROR(VLOOKUP(C126,'Reforma 1279'!C:E,3,FALSE),"-") -> -
C127: 1605.29.00.00.00 | D127: - - Los demás | E127: 15 | F127: 15 | G127: 15 | H127: =+IFERROR(VLOOKUP(C127,'Reforma 1279'!C:E,3,FALSE),"-") -> -
... C529: 2915.11.00.00.00 | D529: - - Acido fórmico | E529: 5 | F529: 5 | G529: 5 | H529: =+IFERROR(VLOOKUP(C529,'Reforma 1279'!C:E,3,FALSE),"-") -> -
C530: 2915.12.00.00.00 | D530: - - Sales del ácido fórmico | H530: =+IFERROR(VLOOKUP(C530,'Reforma 1279'!C:E,3,FALSE),"-") -> -
C531: 2915.13.00.00.00 | D531: - - Esteres del ácido fórmico | H531: =+IFERROR(VLOOKUP(C531,'Reforma 1279'!C:E,3,FALSE),"-") -> -
C532: 2915.21.00.00.00 | D532: - - | E532: Acido | H532: =+IFERROR(VLOOKUP(C532,'Reforma 1279'!C:E,3,FALSE),"-") -> -
C533: 2915.24.00.00.00 | D533: - - Anhídrido acético | H533: =+IFERROR(VLOOKUP(C533,'Reforma 1279'!C:E,3,FALSE),"-") -> -
C534: 2915.29.10.00.00 | D534: - - - Acetato de sodio | H534: =+IFERROR(VLOOKUP(C534,'Reforma 1279'!C:E,3,FALSE),"-") -> -
C535: 2915.29.20.00.00 | D535: - - - Acetatos de cobalto | H535: =+IFERROR(VLOOKUP(C535,'Reforma 1279'!C:E,3,FALSE),"-") -> -
C536: 2915.29.90.00.00 | D536: - - - Otras | H536: =+IFERROR(VLOOKUP(C536,'Reforma 1279'!C:E,3,FALSE),"-") -> -
C537: 2915.31.00.00.00 | D537: - - Acetato de etilo | H537: =+IFERROR(VLOOKUP(C537,'Reforma 1279'!C:E,3,FALSE),"-") -> -
C538: 2915.32.00.00.00 | D538: - - Acetato de vinilo | H538: =+IFERROR(VLOOKUP(C538,'Reforma 1279'!C:E,3,FALSE),"-") -> -
C539: 2915.33.00.00.00 | D539: - - Acetato de n-butilo | H539: =+IFERROR(VLOOKUP(C539,'Reforma 1279'!C:E,3,FALSE),"-") -> -
C540: 2915.36.00.00.00 | D540: - - Acetato de dinoseb (ISO) | H540: =+IFERROR(VLOOKUP(C540,'Reforma 1279'!C:E,3,FALSE),"-") -> -
C541: 2915.39.10.00.00 | D541: - - - Acetato de isobutilo | H541: =+IFERROR(VLOOKUP(C541,'Reforma 1279'!C:E,3,FALSE),"-") -> -
C542: 2915.39.20.00.00 | D542: - - - Acetato de 2-etoxietilo | H542: =+IFERROR(VLOOKUP(C542,'Reforma 1279'!C:E,3,FALSE),"-") -> -
C543: 2915.39.90.00.00 | D543: - - - Otros | H543: =+IFERROR(VLOOKUP(C543,'Reforma 1279'!C:E,3,FALSE),"-") -> -
C544: 2916.12.00.00.00 | D544: - - Esteres del ácido acrílico | H544: =+IFERROR(VLOOKUP(C544,'Reforma 1279'!C:E,3,FALSE),"-") -> -
... C567: 2918.18.00.00.00 | D567: - - Clorobencilato (ISO) (CAS 510-15-6) | H567: =+IFERROR(VLOOKUP(C567,'Reforma 1279'!C:E,3,FALSE),"-") -> -
C568: 2918.29.00.00.00 | D568: - - Los demás | E568: 5 | F568: 5 | G568: 5 | H568: =+IFERROR(VLOOKUP(C568,'Reforma 1279'!C:E,3,FALSE),"-") -> -
C569: 2918.91.00.00.00 | D569: - - 2,4,5-T (ISO) (ácido 2,4,5-triclorofenoxiacético), sus sales y sus ésteres | E569: 5 | F569: 5 | G569: 5 | H569: =+IFERROR(VLOOKUP(C569,'Reforma 1279'!C:E,3,FALSE),"-") -> -
C570: 2918.99.00.00.00 | D570: - - Los demás | E570: 5 | F570: 5 | G570: 5 | H570: =+IFERROR(VLOOKUP(C570,'Reforma 1279'!C:E,3,FALSE),"-") -> -
C571: 2919.10.00.00.00 | D571: - Fosfato de tris(2,3-dibromopropilo) | E571: 5 | F571: 5 | G571: 5 | H571: =+IFERROR(VLOOKUP(C571,'Reforma 1279'!C:E,3,FALSE),"-") -> -
C572: 2920.11.10.00.00 | D572: - - - Paratión (ISO) | E572: 5 | F572: 5 | G572: 5 | H572: =+IFERROR(VLOOKUP(C572,'Reforma 1279'!C:E,3,FALSE),"-") -> -
C573: 2920.11.20.00.00 | D573: - - - Paratión-metilo (ISO) (metil paratión) | E573: 5 | F573: 5 | G573: 5 | H573: =+IFERROR(VLOOKUP(C573,'Reforma 1279'!C:E,3,FALSE),"-") -> -
C574: 2920.19.00.00.00 | D574: - - Los demás | E574: 5 | F574: 5 | G574: 5 | H574: =+IFERROR(VLOOKUP(C574,'Reforma 1279'!C:E,3,FALSE),"-") -> -
C575: 2920.21.00.00.00 | D575: - - Fosfito de dimetilo (CAS 868-85-9) | E575: 5 | F575: 5 | G575: 5 | H575: =+IFERROR(VLOOKUP(C575,'Reforma 1279'!C:E,3,FALSE),"-") -> -
C576: 2920.22.00.00.00 | D576: - - Fosfito de dietilo (CAS 762-04-9) | E576: 5 | F576: 5 | G576: 5 | H576: =+IFERROR(VLOOKUP(C576,'Reforma 1279'!C:E,3,FALSE),"-") -> -
C577: 2920.23.00.00.00 | D577: - - Fosfito de trimetilo (CAS 121-45-9) | E577: 5 | F577: 5 | G577: 5 | H577: =+IFERROR(VLOOKUP(C577,'Reforma 1279'!C:E,3,FALSE),"-") -> -
C578: 2920.24.00.00.00 | D578: - - Fosfito de trietilo (CAS 122-52-1) | E578: 5 | F578: 5 | G578: 5 | H578: =+IFERROR(VLOOKUP(C578,'Reforma 1279'!C:E,3,FALSE),"-") -> -
C579: 2920.29.00.00.00 | D579: - - Los demás | E579: 5 | F579: 5 | G579: 5 | H579: =+IFERROR(VLOOKUP(C579,'Reforma 1279'!C:E,3,FALSE),"-") -> -
... C694: 3203.00.00.00.00 | D694: MATERIAS COLORANTES DE ORIGEN VEGETAL O ANIMAL (INCLUIDOS LOS EXTRACTOS TINTOREOS, EXCEPTO LOS NEGROS DE ORIGEN ANIMAL), AUNQUE SEAN DE CONSTITUCION QUIMICA DEFINIDA; PREPARACIONES A QUE SE REFIERE LA | E694: 5 | F694: 5 | G694: 5 | H694: =+IFERROR(VLOOKUP(C694,'Reforma 1279'!C:E,3,FALSE),"-") -> -
D695: NOTA 3 DE ESTE CAPITULO A BASE DE MATERIAS COLORANTES DE ORIGEN VEGETAL O ANIMAL | H695: =+IFERROR(VLOOKUP(C695,'Reforma 1279'!C:E,3,FALSE),"-") -> -
C696: 3208.10.10.00.00 | D696: - - Pinturas esmalte anticorrosivas de secado al horno, para recubrir láminas metálicas | E696: 5 | F696: 5 | G696: 5 | H696: =+IFERROR(VLOOKUP(C696,'Reforma 1279'!C:E,3,FALSE),"-") -> -
C697: 3208.10.20.00.00 | D697: - - Barniz del tipo utilizado en artes gráficas | E697: 5 | F697: 5 | G697: 5 | H697: =+IFERROR(VLOOKUP(C697,'Reforma 1279'!C:E,3,FALSE),"-") -> -
C698: 3208.10.30.00.00 | D698: - - Barniz sin colorear, especial para el curado del cemento en la construcción de carreteras | E698: 5 | F698: 5 | G698: 5 | H698: =+IFERROR(VLOOKUP(C698,'Reforma 1279'!C:E,3,FALSE),"-") -> -
C699: 3208.10.40.00.00 | D699: - - Presentados en envases tipo aerosol | E699: 5 | F699: 5 | G699: 5 | H699: =+IFERROR(VLOOKUP(C699,'Reforma 1279'!C:E,3,FALSE),"-") -> -
C700: 3208.10.50.00.00 | D700: - - Disoluciones definidas en la Nota 4 de este Capítulo | E700: 5 | F700: 5 | G700: 5 | H700: =+IFERROR(VLOOKUP(C700,'Reforma 1279'!C:E,3,FALSE),"-") -> -
C701: 3208.10.90.00.00 | D701: - - Otros | E701: 5 | F701: 5 | G701: 5 | H701: =+IFERROR(VLOOKUP(C701,'Reforma 1279'!C:E,3,FALSE),"-") -> -
C702: 3208.20.10.00.00 | D702: - - Barniz del tipo utilizado en artes gráficas | E702: 5 | F702: 5 | G702: 5 | H702: =+IFERROR(VLOOKUP(C702,'Reforma 1279'!C:E,3,FALSE),"-") -> -
C703: 3208.20.20.00.00 | D703: - - Barniz sin colorear, especial para el curado del cemento en la construcción de carreteras | E703: 5 | F703: 5 | G703: 5 | H703: =+IFERROR(VLOOKUP(C703,'Reforma 1279'!C:E,3,FALSE),"-") -> -
C704: 3208.20.30.00.00 | D704: - - Presentados en envases tipo aerosol | E704: 5 | F704: 5 | G704: 5 | H704: =+IFERROR(VLOOKUP(C704,'Reforma 1279'!C:E,3,FALSE),"-") -> -
C705: 3208.20.40.00.00 | D705: - - Disoluciones definidas en la Nota 4 de este Capítulo | E705: 5 | F705: 5 | G705: 5 | H705: =+IFERROR(VLOOKUP(C705,'Reforma 1279'!C:E,3,FALSE),"-") -> -
C706: 3208.20.90.00.10 | D706: - - - Exclusivos para los vehículos del capítulo 87 | E706: 5 | F706: 5 | G706: 5 | H706: =+IFERROR(VLOOKUP(C706,'Reforma 1279'!C:E,3,FALSE),"-") -> -
C707: 3208.20.90.00.90 | D707: - - - Los demás | E707: 5 | F707: 5 | G707: 5 | H707: =+IFERROR(VLOOKUP(C707,'Reforma 1279'!C:E,3,FALSE),"-") -> -
... C875: 3824.84.00.00.00 | D875: - - Que contengan aldrina (ISO), canfecloro (ISO) (toxafeno), clordano (ISO), clordecona (ISO), DDT (ISO) (clofenotano (DCI), 1,1,1-tricloro-2,2-bis(p- | E875: 5 | F875: 5 | G875: 5 | H875: =+IFERROR(VLOOKUP(C875,'Reforma 1279'!C:E,3,FALSE),"-") -> -
D876: clorofenil)etano), dieldrina (ISO, DCI), endosulfán (ISO), endrina (ISO), heptacloro (ISO) o mirex (ISO) | H876: =+IFERROR(VLOOKUP(C876,'Reforma 1279'!C:E,3,FALSE),"-") -> -
C877: 3824.85.00.00.00 | D877: - - Que contengan 1,2,3,4,5,6-hexaclorociclohexano (HCH (ISO)), incluido el lindano (ISO, DCI) | E877: 5 | F877: 5 | G877: 5 | H877: =+IFERROR(VLOOKUP(C877,'Reforma 1279'!C:E,3,FALSE),"-") -> -
C878: 3824.86.00.00.00 | D878: - - Que contengan pentaclorobenceno (ISO) o hexaclorobenceno (ISO) | E878: 5 | F878: 5 | G878: 5 | H878: =+IFERROR(VLOOKUP(C878,'Reforma 1279'!C:E,3,FALSE),"-") -> -
C879: 3824.87.00.00.00 | D879: - - Que contengan ácido perfluorooctano sulfónico o sus sales, perfluorooctano sulfonamidas o fluoruro de perfluorooctano sulfonilo | E879: 5 | F879: 5 | G879: 5 | H879: =+IFERROR(VLOOKUP(C879,'Reforma 1279'!C:E,3,FALSE),"-") -> -
C880: 3824.88.00.00.00 | D880: - - Que contengan éteres tetra-, penta-, hexa-, hepta- u octabromodifenílicos | E880: 5 | F880: 5 | G880: 5 | H880: =+IFERROR(VLOOKUP(C880,'Reforma 1279'!C:E,3,FALSE),"-") -> -
C881: 3824.91.00.00.00 | D881: - - Mezclas y preparaciones constituidas esencialmente de metilfosfonato de (5-etil-2-metil-2-oxido-1,3,2- dioxafosfinan-5-il)metil metilo y metilfosfonato de bis((5- etil-2-metil-2-oxido-1,3,2-dioxafosfinan-5-il)metilo) | E881: 5 | F881: 5 | G881: 5 | H881: =+IFERROR(VLOOKUP(C881,'Reforma 1279'!C:E,3,FALSE),"-") -> -
C882: 3824.99.10.00.00 | D882: - - - Preparaciones para caucho o plástico, no expresadas ni comprendidas en otra parte | E882: 5 | F882: 5 | G882: 5 | H882: =+IFERROR(VLOOKUP(C882,'Reforma 1279'!C:E,3,FALSE),"-") -> -
C883: 3824.99.20.00.00 | D883: - - - Gelificantes, endurecedores, agentes antipiel y demás preparaciones, para pinturas y barnices, no expresados ni comprendidos en otra parte | E883: 5 | F883: 5 | G883: 5 | H883: =+IFERROR(VLOOKUP(C883,'Reforma 1279'!C:E,3,FALSE),"-") -> -
C884: 3824.99.30.00.00 | D884: - - - Preparaciones de los tipos utilizados en la fabricación de tintas y demás preparaciones empleadas en artes gráficas, no expresadas ni comprendidas en otra parte | E884: 5 | F884: 5 | G884: 5 | H884: =+IFERROR(VLOOKUP(C884,'Reforma 1279'!C:E,3,FALSE),"-") -> -
C885: 3824.99.40.00.00 | D885: - - - Aditivos y demás preparaciones para baño electrolítico en el proceso de electrodeposición sobre lámina metálica | E885: 5 | F885: 5 | G885: 5 | H885: =+IFERROR(VLOOKUP(C885,'Reforma 1279'!C:E,3,FALSE),"-") -> -
...

Sheet Reforma 1279
C2: Articulo segundo: Modificación Tasas del ISC
C4: Reformese las alicuotas del ISC en las posiciones arancelarias del Anexo I de la Ley N° 822, Ley de Concertación Tributaria, publicación en la Gaceta , Diario Oficial N° 241 del 17 de diciembre de 2012, de los suguientes bienes, las que se leerán así:
C6: Código SAC | D6: Descripción | E6: Alícuota ISC
C7: 0207.24.00.00.00 | D7: Pavo fresco o refrigerado | E7: 0
C8: 0207.25.00.00.00 | D8: Pavo congelado | E8: 0
C9: 0207.27.90.00.00 | D9: Pavo en trozos, congelado | E9: 0
C10: 0802.51.00.00.00 | D10: Pistachos con cáscara | E10: 0
C11: 0802.52.00.00.00 | D11: Pistachos sin cáscara | E11: 0
C12: 0802.11.00.00.00 | D12: Almendras con cáscara | E12: 0
C13: 0806.10.00.00.00 | D13: Uvas frescas | E13: 0
C14: 0808.10.00.00.00 | D14: Manzanas frescas | E14: 0
C15: 0808.30.00.00.00 | D15: Peras frescas | E15: 0
C16: 0813.30.90.00.00 | D16: Manzanas secas | E16: 0
C17: 0802.21.00.00.00 | D17: Avellanas con cáscara | E17: 0
C18: 0802.22.00.00.00 | D18: Avellanas sin cáscara | E18: 0
... C25: 0802.80.00.00.00 | D25: Nueces de areca | E25: 0
C26: 0803.90.12.00.10 | D26: Bananas secas orgánicas | E26: 0 | G26: Reformado | H26: 0803.90.12.00.00 | I26: - - - Secas
C27: 0803.90.12.00.90 | D27: Las demás bananas secas | E27: 0 | G27: Reformado
C28: 0808.40.00.00.00 | D28: Membrillos frescos | E28: 0
C29: 0809.10.00.00.00 | D29: Albaricoques frescos | E29: 0
C30: 0812.90.10.00.00 | D30: Fresas conservadas | E30: 0
C31: 0813.10.00.00.00 | D31: Albaricoques secos | E31: 0
